<?xml version="1.0" encoding="UTF-8"?>
<beans xmlns="http://www.springframework.org/schema/beans"
  xmlns:xsi="http://www.w3.org/2001/XMLSchema-instance"
  xmlns:context="http://www.springframework.org/schema/context"
  xsi:schemaLocation="http://www.springframework.org/schema/beans
    http://www.springframework.org/schema/beans/spring-beans.xsd
    http://www.springframework.org/schema/context
    http://www.springframework.org/schema/context/spring-context.xsd">
  
  <context:annotation-config/>

<context:component-scan base-package="com.Ait"></context:component-scan>
<!-- <bean id="s1" class="com.Ait.Student">
<property name="sid" value="101"></property>
<property name="sname" value="Rajdeep"></property>
<property name="rollno" value="14"></property>
<property name="percent" value="75"></property>

</bean>

<bean id="c1" class="com.Ait.Course">
<constructor-arg name="cname" value="java"/>
<constructor-arg name="fees" value="20000"/>
</bean>
<bean id="t1" class="com.Ait.Trainer">
<property name="tname" value="Kirit"></property>
</bean>-->
</beans>